INPUT:meme	INPUT:kymLink	INPUT:description	OUTPUT:reason	OUTPUT:result	OUTPUT:comment	OUTPUT:meaning	OUTPUT:isRelatable	OUTPUT:text_review_mode	GOLDEN:reason	GOLDEN:result	GOLDEN:comment	GOLDEN:meaning	GOLDEN:isRelatable	GOLDEN:text_review_mode	HINT:text	HINT:default_language	ASSIGNMENT:link	ASSIGNMENT:task_id	ASSIGNMENT:assignment_id	ASSIGNMENT:worker_id	ASSIGNMENT:status	ASSIGNMENT:started
https://i.kym-cdn.com/photos/images/list/000/219/900/de4.png	https://knowyourmeme.com/memes/sad-pikachu	This meme came from season 1, episode 42 of Pokemon. So far there are no variations. The meme features Ash's Pikachu after having it's ketchup bottle cut by		"{""Relevant to the meaning"":[""having it's ketchup bottle cut""]}"		A baby toy holding on to an alcohol 	No	"{""class"":""text__unselected""\,""contentLength"":123},{""class"":""text__selected""\,""textInputClasses"":[""text__input""\,""text__input_green""]\,""tagSelectorClasses"":[""text__selected-inner""\,""text__selected-inner_green""]\,""contentLength"":31\,""value"":""Relevant to the meaning""},{""class"":""text__unselected""\,""contentLength"":2}"									https://platform.toloka.ai/task/42701922/00028b9462--65a8137e8fef00738f02f0e4	00028b9462--659d61d16cb3b008d248874d	00028b9462--65a8137e8fef00738f02f0e4	1ebc5b3107140b50a51960e63043f664	APPROVED	2024-01-17T17:50:54.772
https://i.kym-cdn.com/photos/images/newsfeed/001/350/061/422.jpg	https://knowyourmeme.com/memes/grus-plan	Gru’s Plan is an exploitable four-pane comic series featuring the Despicable Me protagonist Gru using a presentation board. Edits of the comic typically feature an unexpected third presentation page, followed by a panel of Gru looking back at the board in confusion.		"{""Relevant to the meaning"":[""Gru’s Plan is an exploitable four-pane comic series featuring the Despicable Me protagonist Gru using a presentation board. Edits of the comic typically feature an unexpected third presentation page\, followed by a panel of Gru looking back at the board in confusion.""]}"		In these meme Gru is trying to elestrate how he would get to have intimate relationship with someones girlfrend  	No	"{""class"":""text__selected""\,""textInputClasses"":[""text__input""\,""text__input_green""]\,""tagSelectorClasses"":[""text__selected-inner""\,""text__selected-inner_green""]\,""contentLength"":266\,""value"":""Relevant to the meaning""}"									https://platform.toloka.ai/task/42701922/00028b9462--65a813800d46c2376cc82a7a	00028b9462--659d61d16cb3b008d24887e8	00028b9462--65a813800d46c2376cc82a7a	4c59ed64d66985eded12265ebad479ef	APPROVED	2024-01-17T17:50:56.106
https://i.kym-cdn.com/photos/images/newsfeed/000/200/420/BRTky.jpg?1321408042	https://knowyourmeme.com/memes/neil-degrasse-tyson-reaction	"Neil deGrasse Tyson Reaction is a rage comic character and reaction face of astrophysicist Neil deGrasse Tyson making a defensive gesture. The character image is sometimes associated with the catchphrase ""Watch out guys, we're dealing with a badass over here"" that is used to mock arrogant and boastful statements made by Internet users."		"{""Relevant to the meaning"":[""that is used to mock arrogant and boastful statements made by Internet users.""]}"		It is a statement to mock the arrogant internet trolls.	yes	"{""class"":""text__unselected""\,""contentLength"":260},{""class"":""text__selected""\,""textInputClasses"":[""text__input""\,""text__input_green""]\,""tagSelectorClasses"":[""text__selected-inner""\,""text__selected-inner_green""]\,""contentLength"":77\,""value"":""Relevant to the meaning""}"									https://platform.toloka.ai/task/42701922/00028b9462--65a813a3a5bf2c28fff994d3	00028b9462--659d61d16cb3b008d2488764	00028b9462--65a813a3a5bf2c28fff994d3	550526d78ba9cb1b0ba68ff40c4d1e85	APPROVED	2024-01-17T17:51:31.054
https://i.kym-cdn.com/photos/images/newsfeed/001/831/746/e50.png	https://knowyourmeme.com/memes/pointing-rick-dalton	Pointing Rick Dalton, also known as Pointing Leonardo DiCaprio, is an image macro meme featuring a screenshot from the 2019 film Once Upon a Time in Hollywood. Online, the image of actor Leonardo DiCaprio sitting in a chair with a beer and cigarette in his hand pointing at a television screen has been used to express feelings of excited recognition.	Hollywood	"{""Relevant to the meaning"":[""Hollywood.""]}"		yes	yes	"{""class"":""text__unselected""\,""contentLength"":149},{""class"":""text__selected""\,""textInputClasses"":[""text__input""\,""text__input_green""]\,""tagSelectorClasses"":[""text__selected-inner""\,""text__selected-inner_green""]\,""contentLength"":11\,""value"":""Relevant to the meaning""},{""class"":""text__unselected""\,""contentLength"":191}"									https://platform.toloka.ai/task/42701922/00028b9462--65a813a68fef00738f02f497	00028b9462--659d61d16cb3b008d24887e6	00028b9462--65a813a68fef00738f02f497	34a7e983f825cb6e663e4ff19572eaf7	APPROVED	2024-01-17T17:51:34.360
https://i.kym-cdn.com/photos/images/newsfeed/001/139/305/e12.jpg	https://knowyourmeme.com/memes/thicc	"Thicc is a slang term used as an adjective to describe the voluptuous curvature of a woman’s hips. Online, the term has seen widespread usage as a descriptor for images of bootylicious women, in the same vein of ""dat ass"", and a popular subject of parody images featuring fictional characters from various media franchises."		"{""Relevant to the meaning"":[""Thicc is a slang term used as an adjective to describe the voluptuous curvature of a woman’s hips. Online\, the term has seen widespread usage as a descriptor for images of bootylicious""]}"		Because in this meme he talks about love and relationships of nibbas and nobi 	Yes	"{""class"":""text__selected""\,""textInputClasses"":[""text__input""\,""text__input_green""]\,""tagSelectorClasses"":[""text__selected-inner""\,""text__selected-inner_green""]\,""contentLength"":185\,""value"":""Relevant to the meaning""},{""class"":""text__unselected""\,""contentLength"":138}"									https://platform.toloka.ai/task/42701922/00028b9462--65a813bc3c8c5b7eec7d6ae9	00028b9462--659d61d16cb3b008d248876a	00028b9462--65a813bc3c8c5b7eec7d6ae9	fbe2ddc7be032ab9370df2d45cadeb88	APPROVED	2024-01-17T17:51:56.455
https://i.kym-cdn.com/photos/images/newsfeed/002/239/757/17c.jpg	https://knowyourmeme.com/memes/the-rocks-eyebrow-raise	"The Rock's Eyebrow Raise refers to a series of reaction videos of actor and former professional wrestler Dwayne ""The Rock"" Johnson raising his eyebrow accompanied by the Vine Thud. The memes first gained popularity in March 2021, achieving a major surge in September 2021 as users paired the reactions, used to convey suspicion, with various ""suspect"" videos, and created 21st Century Humor memes."		"{""Relevant to the meaning"":[""Rock's Eyebrow Raise refers to a series of reaction videos of actor and former professional wrestler Dwayne \\""The Rock\\"" Johnson raising his eyebrow accompanied""]}"		ok	yes	"{""class"":""text__unselected""\,""contentLength"":4},{""class"":""text__selected""\,""textInputClasses"":[""text__input""\,""text__input_green""]\,""tagSelectorClasses"":[""text__selected-inner""\,""text__selected-inner_green""]\,""contentLength"":159\,""value"":""Relevant to the meaning""},{""class"":""text__unselected""\,""contentLength"":234}"									https://platform.toloka.ai/task/42701922/00028b9462--65a813c23c8c5b7eec7d6b95	00028b9462--659d61d16cb3b008d24887ca	00028b9462--65a813c23c8c5b7eec7d6b95	d0153591ebaefa6c0a934417299aeb4a	APPROVED	2024-01-17T17:52:02.568
https://i.kym-cdn.com/photos/images/newsfeed/001/340/526/3bb.jpg	https://knowyourmeme.com/memes/monkey-puppet	Monkey Puppet refers to a reaction image and GIF of a puppet appearing surprised. It’s used to express shock, particularly in situations where one party owns another in a verbal exchange.		"{""Relevant to the meaning"":[""Monkey Puppet refers to a reaction image and GIF of a puppet appearing surprised. It’s used to express shock\, particularly in situations where one party owns another in a verbal exchange.""]}"		I understand that when someone find the thing at their level	Yes	"{""class"":""text__selected""\,""textInputClasses"":[""text__input""\,""text__input_green""]\,""tagSelectorClasses"":[""text__selected-inner""\,""text__selected-inner_green""]\,""contentLength"":187\,""value"":""Relevant to the meaning""}"									https://platform.toloka.ai/task/42701922/00028b9462--65a813c91bc1a76f040f064c	00028b9462--659d61d16cb3b008d24887b4	00028b9462--65a813c91bc1a76f040f064c	5f2208955344ad5f85a9db51f5c97f80	APPROVED	2024-01-17T17:52:09.102
https://i.kym-cdn.com/photos/images/newsfeed/002/191/046/708	https://knowyourmeme.com/memes/traumatized-mr-incredible-people-who-dont-know-vs-people-who-know	"Traumatized Mr. Incredible refers to a series of comparison memes based on two images of Mr. Incredible, one an official art for The Incredibles 2 and the other a ""reverse toonified"" and black-and-white version of the character that gives him an expression of a man experiencing emotional pain, similar to Withered Wojak. Starting in September 2021, the format was used together with the caption People Who Don't Know / People Who Know in comparison memes."		"{""Relevant to the meaning"":[""Traumatized Mr. Incredible refers to a series of comparison memes based on two images of Mr. Incredible\, one an official art for The Incredibles 2 and the other a \\""reverse toonified\\"" and black-and-white version of the character that gives him an expression of a man experiencing emotional pain\,""]}"		People compare using two images of Mr. Incredible whether they know the event or not	Yes	"{""class"":""text__selected""\,""textInputClasses"":[""text__input""\,""text__input_green""]\,""tagSelectorClasses"":[""text__selected-inner""\,""text__selected-inner_green""]\,""contentLength"":295\,""value"":""Relevant to the meaning""},{""class"":""text__unselected""\,""contentLength"":161}"									https://platform.toloka.ai/task/42701922/00028b9462--65a813db3c8c5b7eec7d6deb	00028b9462--659d61d16cb3b008d24887c4	00028b9462--65a813db3c8c5b7eec7d6deb	2d79a34a6bb6ccfde090a44f99b3444e	APPROVED	2024-01-17T17:52:27.871
https://i.kym-cdn.com/entries/icons/original/000/000/167/cover3.jpg	https://knowyourmeme.com/memes/you-have-my-sword-and-my-bow-and-my-axe	"""You Have My Sword, and My Bow, and My Axe"" is a memorable quote from the 2001 epic fantasy film The Lord of the Rings: The Fellowship of the Ring uttered by characters Aragorn, Legolas and Gimli. Online, the quote has also been used as a bait-and-switch tactic and as an expandable snowclone format You Have My X, and My Y, and My Z."		"{""Relevant to the meaning"":[""\\""You Have My Sword\, and My Bow\, and My Axe\\""""]}"		The bow, axe and hammer belong to three characters in the meme. I think it means showing support	Yes	"{""class"":""text__selected""\,""textInputClasses"":[""text__input""\,""text__input_green""]\,""tagSelectorClasses"":[""text__selected-inner""\,""text__selected-inner_green""]\,""contentLength"":44\,""value"":""Relevant to the meaning""},{""class"":""text__unselected""\,""contentLength"":290}"									https://platform.toloka.ai/task/42701922/00028b9462--65a813e482c710292cd05ed9	00028b9462--659d61d16cb3b008d248871e	00028b9462--65a813e482c710292cd05ed9	1ca33e0a214da92b82b1c31afc2c70fe	APPROVED	2024-01-17T17:52:36.157
https://i.kym-cdn.com/photos/images/newsfeed/000/233/305/771.jpg	https://knowyourmeme.com/memes/condescending-wonka-creepy-wonka	Condescending Wonka is an advice animals image macro series featuring a screen capture of actor Gene Wilder in the 1971 musical Willy Wonka and the Chocolate Factory. As its name suggests, the captions can be characterized as patronizing and sarcastic.		"{""Relevant to the meaning"":[""Willy Wonka and the Chocolate Factory""]}"		as you said	yes	"{""class"":""text__unselected""\,""contentLength"":128},{""class"":""text__selected""\,""textInputClasses"":[""text__input""\,""text__input_green""]\,""tagSelectorClasses"":[""text__selected-inner""\,""text__selected-inner_green""]\,""contentLength"":37\,""value"":""Relevant to the meaning""},{""class"":""text__unselected""\,""contentLength"":87}"									https://platform.toloka.ai/task/42701922/00028b9462--65a813faa5bf2c28fff99be4	00028b9462--659d61d16cb3b008d2488775	00028b9462--65a813faa5bf2c28fff99be4	d0153591ebaefa6c0a934417299aeb4a	APPROVED	2024-01-17T17:52:58.933
https://i.kym-cdn.com/photos/images/newsfeed/001/031/541/536.jpg	https://knowyourmeme.com/memes/crying-michael-jordan	Crying Michael Jordan is a photoshop meme based on a cutout image of former professional basketball player Michael Jordan crying during his 2009 Basketball Hall of Fame induction speech. Online, the image of the tearful Jordan has been frequently used by sports fans to convey sadness in reaction to the defeat of their favorite teams.		"{""Relevant to the meaning"":[""Crying Michael Jordan is a photoshop meme based on a cutout image of former professional basketball player Michael Jordan crying""]}"		ok	yes	"{""class"":""text__selected""\,""textInputClasses"":[""text__input""\,""text__input_green""]\,""tagSelectorClasses"":[""text__selected-inner""\,""text__selected-inner_green""]\,""contentLength"":129\,""value"":""Relevant to the meaning""},{""class"":""text__unselected""\,""contentLength"":206}"									https://platform.toloka.ai/task/42701922/00028b9462--65a8140aa5bf2c28fff99d9f	00028b9462--659d61d16cb3b008d248878d	00028b9462--65a8140aa5bf2c28fff99d9f	5a9ea5a87e6dc8f5dcba4cafc81cd4d5	APPROVED	2024-01-17T17:53:14.104
https://i.kym-cdn.com/photos/images/newsfeed/001/340/526/3bb.jpg	https://knowyourmeme.com/memes/monkey-puppet	Monkey Puppet refers to a reaction image and GIF of a puppet appearing surprised. It’s used to express shock, particularly in situations where one party owns another in a verbal exchange.		"{""Relevant to the meaning"":[""Monkey Puppet refers to a reaction image and GIF of a puppet appearing surprised. It’s used to express shock\, particularly in situations where one party owns another in a verbal exchange.""]}"		yes	Yes	"{""class"":""text__selected""\,""textInputClasses"":[""text__input""\,""text__input_green""]\,""tagSelectorClasses"":[""text__selected-inner""\,""text__selected-inner_green""]\,""contentLength"":187\,""value"":""Relevant to the meaning""}"									https://platform.toloka.ai/task/42701922/00028b9462--65a817120d46c2376cc87971	00028b9462--659d61d16cb3b008d24887b4	00028b9462--65a817120d46c2376cc87971	25c263104adb1e71905c81185aa6795a	APPROVED	2024-01-17T18:06:10.750
https://i.kym-cdn.com/photos/images/newsfeed/000/182/816/3zw9.jpg?1317936454	https://knowyourmeme.com/memes/imminent-ned-brace-yourselves-winter-is-coming	Imminent Ned (also know as “Winter is Coming”) is an image macro series featuring the character Eddard “Ned” Stark from the HBO series Game of Thrones, a television adaption of George R. R. Martin’s epic fantasy novel series A Song of Ice and Fire. Its snowclone template “Brace Yourselves, X is Coming” can be versatilely used to forewarn or proclaim the impending arrival of a highly anticipated event, a product or an internet meme.	Fire 	"{""Relevant to the meaning"":[""Fire""]}"		picture means  Winter is coming 	Yes	"{""class"":""text__unselected""\,""contentLength"":243},{""class"":""text__selected""\,""textInputClasses"":[""text__input""\,""text__input_green""]\,""tagSelectorClasses"":[""text__selected-inner""\,""text__selected-inner_green""]\,""contentLength"":4\,""value"":""Relevant to the meaning""},{""class"":""text__unselected""\,""contentLength"":188}"									https://platform.toloka.ai/task/42701922/00028b9462--65a817191bc1a76f040f4ff5	00028b9462--659d61d16cb3b008d2488787	00028b9462--65a817191bc1a76f040f4ff5	34a7e983f825cb6e663e4ff19572eaf7	APPROVED	2024-01-17T18:06:17.102
https://i.kym-cdn.com/photos/images/newsfeed/001/658/686/a79.png	https://knowyourmeme.com/memes/you-son-of-a-bitch-im-in	"""You Son of a Bitch, I'm In"" is a catchphrase said by multiple characters in Rick and Morty episode ""One Crew over the Crewcoo's Morty"" upon being convinced to participate in a heist. Online, several image macros, particularly one depicting Rick Sanchez putting a lollipop in his mouth, gained popularity, often used in reference to convincing arguments."		"{""Relevant to the meaning"":[""upon being convinced to participate in a heist""]}"		upon being convinced to participate in a heist	No	"{""class"":""text__unselected""\,""contentLength"":136},{""class"":""text__selected""\,""textInputClasses"":[""text__input""\,""text__input_green""]\,""tagSelectorClasses"":[""text__selected-inner""\,""text__selected-inner_green""]\,""contentLength"":46\,""value"":""Relevant to the meaning""},{""class"":""text__unselected""\,""contentLength"":172}"									https://platform.toloka.ai/task/42701922/00028b9462--65a817220d46c2376cc87af2	00028b9462--659d61d16cb3b008d24887dd	00028b9462--65a817220d46c2376cc87af2	3f8606b75916a6f1ed7a40e238a5f620	APPROVED	2024-01-17T18:06:26.969
https://i.kym-cdn.com/photos/images/newsfeed/000/862/065/0e9.jpg	https://knowyourmeme.com/memes/smug-frog	Smug Frog, also known as Smug Pepe, is a reaction image of a smug-looking frog based on an original cartoon illustration of Pepe, better known as Feels Good Man and Sad Frog, drawn by webcomic artist Matt Furie.		"{""Relevant to the meaning"":[""Smug Frog""]}"		smug frog	yes	"{""class"":""text__selected""\,""textInputClasses"":[""text__input""\,""text__input_green""]\,""tagSelectorClasses"":[""text__selected-inner""\,""text__selected-inner_green""]\,""contentLength"":9\,""value"":""Relevant to the meaning""},{""class"":""text__unselected""\,""contentLength"":202}"									https://platform.toloka.ai/task/42701922/00028b9462--65a8172b3c8c5b7eec7db298	00028b9462--659d61d16cb3b008d24887a3	00028b9462--65a8172b3c8c5b7eec7db298	3b17e2e12587f9513665ffef9778af33	APPROVED	2024-01-17T18:06:35.937
https://i.kym-cdn.com/photos/images/newsfeed/000/191/081/DSC_0165_c_mini.jpg	https://knowyourmeme.com/memes/do-you-think-this-is-a-game	“You Think This is a Motherfucking Game?” is a rhetorical question commonly associated with image macros of Starecat and other cute animals. Juxtaposing cuteness and intimidating language, the image macros are typically used as reaction images in response to flippant statements or behaviors.		"{""Relevant to the meaning"":[""“You Think This is a Motherfucking Game?”""]}"		The meme,gives a clear meaning illustrating that the starecat photo it's not a game but rare real cat in photo giving a pose of cuteness	No	"{""class"":""text__selected""\,""textInputClasses"":[""text__input""\,""text__input_green""]\,""tagSelectorClasses"":[""text__selected-inner""\,""text__selected-inner_green""]\,""contentLength"":42\,""value"":""Relevant to the meaning""},{""class"":""text__unselected""\,""contentLength"":250}"									https://platform.toloka.ai/task/42701922/00028b9462--65a8173c1bc1a76f040f5326	00028b9462--659d61d16cb3b008d248873f	00028b9462--65a8173c1bc1a76f040f5326	d3c2178b10a8e84665a0a53136b4e1fc	APPROVED	2024-01-17T18:06:52.482
https://i.kym-cdn.com/photos/images/newsfeed/002/239/757/17c.jpg	https://knowyourmeme.com/memes/the-rocks-eyebrow-raise	"The Rock's Eyebrow Raise refers to a series of reaction videos of actor and former professional wrestler Dwayne ""The Rock"" Johnson raising his eyebrow accompanied by the Vine Thud. The memes first gained popularity in March 2021, achieving a major surge in September 2021 as users paired the reactions, used to convey suspicion, with various ""suspect"" videos, and created 21st Century Humor memes."		"{""Relevant to the meaning"":[""Rock's""\,""\\""The Rock\\""""]}"		It is a style of the rock 	Yes	"{""class"":""text__unselected""\,""contentLength"":4},{""class"":""text__selected""\,""textInputClasses"":[""text__input""\,""text__input_green""]\,""tagSelectorClasses"":[""text__selected-inner""\,""text__selected-inner_green""]\,""contentLength"":7\,""value"":""Relevant to the meaning""},{""class"":""text__unselected""\,""contentLength"":101},{""class"":""text__selected""\,""textInputClasses"":[""text__input""\,""text__input_green""]\,""tagSelectorClasses"":[""text__selected-inner""\,""text__selected-inner_green""]\,""contentLength"":11\,""value"":""Relevant to the meaning""},{""class"":""text__unselected""\,""contentLength"":274}"									https://platform.toloka.ai/task/42701922/00028b9462--65a817558fef00738f035acf	00028b9462--659d61d16cb3b008d24887ca	00028b9462--65a817558fef00738f035acf	65d940d196538134e14d399aa8c8ac5a	APPROVED	2024-01-17T18:07:17.911
https://i.kym-cdn.com/entries/icons/medium/000/017/507/skeletor.jpeg	https://knowyourmeme.com/memes/he-man-sings-heyyeyaaeyaaaeyaeyaa	"He-Man Sings is a nickname for the 2005 animated video ""Fabulous Secret Powers"" where He-Man sings a rendition of the 4 Non Blondes hit ""What’s Up?"""		"{""Relevant to the meaning"":[""\\""What’s Up""]}"		can be used in checking up on someone	Yes	"{""class"":""text__unselected""\,""contentLength"":136},{""class"":""text__selected""\,""textInputClasses"":[""text__input""\,""text__input_green""]\,""tagSelectorClasses"":[""text__selected-inner""\,""text__selected-inner_green""]\,""contentLength"":10\,""value"":""Relevant to the meaning""},{""class"":""text__unselected""\,""contentLength"":2}"									https://platform.toloka.ai/task/42701922/00028b9462--65a8175782c710292cd0a746	00028b9462--659d61d16cb3b008d2488773	00028b9462--65a8175782c710292cd0a746	4c6dccaecba820c4347131867ab84c3e	APPROVED	2024-01-17T18:07:19.041
https://i.kym-cdn.com/photos/images/newsfeed/002/191/046/708	https://knowyourmeme.com/memes/traumatized-mr-incredible-people-who-dont-know-vs-people-who-know	"Traumatized Mr. Incredible refers to a series of comparison memes based on two images of Mr. Incredible, one an official art for The Incredibles 2 and the other a ""reverse toonified"" and black-and-white version of the character that gives him an expression of a man experiencing emotional pain, similar to Withered Wojak. Starting in September 2021, the format was used together with the caption People Who Don't Know / People Who Know in comparison memes."	man	"{""Relevant to the meaning"":[""man""]}"		a simple man and a funny man 	yes	"{""class"":""text__unselected""\,""contentLength"":262},{""class"":""text__selected""\,""textInputClasses"":[""text__input""\,""text__input_green""]\,""tagSelectorClasses"":[""text__selected-inner""\,""text__selected-inner_green""]\,""contentLength"":4\,""value"":""Relevant to the meaning""},{""class"":""text__unselected""\,""contentLength"":190}"									https://platform.toloka.ai/task/42701922/00028b9462--65a81758a5bf2c28fff9e96c	00028b9462--659d61d16cb3b008d24887c4	00028b9462--65a81758a5bf2c28fff9e96c	34a7e983f825cb6e663e4ff19572eaf7	APPROVED	2024-01-17T18:07:20.880
https://i.kym-cdn.com/photos/images/newsfeed/000/289/977/ab2.gif	https://knowyourmeme.com/memes/homer-simpson-backs-into-bushes	Homer Simpson Backs Into Bushes is a reaction GIF taken from a scene in the animated comedy series The Simpsons in which the main character, Homer Simpson, steps back into a hedge until he is no longer visible. The GIF is used to express embarrassment and has been frequently edited so Simpson disappears into other things.		"{""Relevant to the meaning"":[""express embarrassment""]}"		Hiding from an embarrassing situation 	Yes	"{""class"":""text__unselected""\,""contentLength"":230},{""class"":""text__selected""\,""textInputClasses"":[""text__input""\,""text__input_green""]\,""tagSelectorClasses"":[""text__selected-inner""\,""text__selected-inner_green""]\,""contentLength"":22\,""value"":""Relevant to the meaning""},{""class"":""text__unselected""\,""contentLength"":71}"									https://platform.toloka.ai/task/42701922/00028b9462--65a817691bc1a76f040f56ee	00028b9462--659d61d16cb3b008d2488739	00028b9462--65a817691bc1a76f040f56ee	eac821e4b877826f076238ba92c01a4c	APPROVED	2024-01-17T18:07:37.720
https://i.kym-cdn.com/photos/images/newsfeed/001/139/802/964.png	https://knowyourmeme.com/memes/activated-almonds	“Activated Almonds” is a line from a food diary written by Australian celebrity chef Pete Evans, which was originally published in an issue of the Australian magazine Sunday Age in November 2012. The diary was widely mocked online for its bizarre descriptions of food items, including “alkalised water” and “activated almonds.”		"{""Relevant to the meaning"":[""bizarre descriptions of food items""]}"		food items description in a food diary	No	"{""class"":""text__unselected""\,""contentLength"":239},{""class"":""text__selected""\,""textInputClasses"":[""text__input""\,""text__input_green""]\,""tagSelectorClasses"":[""text__selected-inner""\,""text__selected-inner_green""]\,""contentLength"":34\,""value"":""Relevant to the meaning""},{""class"":""text__unselected""\,""contentLength"":54}"									https://platform.toloka.ai/task/42701922/00028b9462--65a817791bc1a76f040f584f	00028b9462--659d61d16cb3b008d248872c	00028b9462--65a817791bc1a76f040f584f	680efa1fe1b2c0cd807444f96f032405	APPROVED	2024-01-17T18:07:53.444
https://i.kym-cdn.com/photos/images/newsfeed/001/255/092/44f.png	https://knowyourmeme.com/memes/y-tho	Y Tho, an abbreviation of the question “why though?”, is a popular slang phrase usually asked in a trolling manner in response to a senseless action or statement. It later grew associated with a painting of a round, fat pope with a small face.	painting 	"{""Relevant to the meaning"":[""painting""]}"		this is a parting 	Yes	"{""class"":""text__unselected""\,""contentLength"":195},{""class"":""text__selected""\,""textInputClasses"":[""text__input""\,""text__input_green""]\,""tagSelectorClasses"":[""text__selected-inner""\,""text__selected-inner_green""]\,""contentLength"":9\,""value"":""Relevant to the meaning""},{""class"":""text__unselected""\,""contentLength"":39}"									https://platform.toloka.ai/task/42701922/00028b9462--65a8177f82c710292cd0aa5a	00028b9462--659d61d16cb3b008d24887ba	00028b9462--65a8177f82c710292cd0aa5a	34a7e983f825cb6e663e4ff19572eaf7	APPROVED	2024-01-17T18:07:59.413
https://i.kym-cdn.com/photos/images/newsfeed/000/684/058/5eb.jpg	https://knowyourmeme.com/memes/tips-fedora	“Tips Fedora” is an online expression used in mocking response to a statement of opinion thought to be held by a young adult male who probably wears fedora as a fashion accessory. The phrase refers to the gesture of tipping one’s hat as an expression of recognition or acknowledgement between two persons.		"{""Relevant to the meaning"":[""mocking response to a statement of opinion""\,""an expression of recognition or acknowledgement between two persons""]}"		In either way it is a recognition of one's opinion	Yes	"{""class"":""text__unselected""\,""contentLength"":46},{""class"":""text__selected""\,""textInputClasses"":[""text__input""\,""text__input_green""]\,""tagSelectorClasses"":[""text__selected-inner""\,""text__selected-inner_green""]\,""contentLength"":43\,""value"":""Relevant to the meaning""},{""class"":""text__unselected""\,""contentLength"":148},{""class"":""text__selected""\,""textInputClasses"":[""text__input""\,""text__input_green""]\,""tagSelectorClasses"":[""text__selected-inner""\,""text__selected-inner_green""]\,""contentLength"":67\,""value"":""Relevant to the meaning""},{""class"":""text__unselected""\,""contentLength"":1}"									https://platform.toloka.ai/task/42701922/00028b9462--65a8178e1bc1a76f040f5a0f	00028b9462--659d61d16cb3b008d2488771	00028b9462--65a8178e1bc1a76f040f5a0f	0da5964bfaced77d2a7784d2d5e4be21	APPROVED	2024-01-17T18:08:14.217
https://web.archive.org/web/20170429030154if_/http://img.pandawhale.com/100953-Michael-Scott-NO-gif-Imgur-C7Xd.gif	https://knowyourmeme.com/memes/no-god-please-no	“No God, Please No!” is a memorable quote uttered by Michael Scott, a regional manager of paper distribution company Dunder Mifflin Inc. in the U.S. adaptation of TV sitcom The Office, upon reacting to the unannounced return of the company’s former human resources representative Toby Flenderson. On the web, a variety of remixed video clips and animated GIFs featuring Michael Scott’s quote have been used as a reaction image or video to express one’s extreme aversion towards something.	office 	"{""Relevant to the meaning"":[""Office""]}"		a man is very angry 	yes	"{""class"":""text__unselected""\,""contentLength"":177},{""class"":""text__selected""\,""textInputClasses"":[""text__input""\,""text__input_green""]\,""tagSelectorClasses"":[""text__selected-inner""\,""text__selected-inner_green""]\,""contentLength"":6\,""value"":""Relevant to the meaning""},{""class"":""text__unselected""\,""contentLength"":305}"									https://platform.toloka.ai/task/42701922/00028b9462--65a817b80d46c2376cc88763	00028b9462--659d61d16cb3b008d24887db	00028b9462--65a817b80d46c2376cc88763	34a7e983f825cb6e663e4ff19572eaf7	APPROVED	2024-01-17T18:08:56.935
https://i.kym-cdn.com/photos/images/newsfeed/001/350/061/422.jpg	https://knowyourmeme.com/memes/grus-plan	Gru’s Plan is an exploitable four-pane comic series featuring the Despicable Me protagonist Gru using a presentation board. Edits of the comic typically feature an unexpected third presentation page, followed by a panel of Gru looking back at the board in confusion.		"{""Relevant to the meaning"":[""Gru’s Plan is an exploitable four-pane comic series""]}"		Gru's plan is a exploitable four-pane comic series with different presentation	No	"{""class"":""text__selected""\,""textInputClasses"":[""text__input""\,""text__input_green""]\,""tagSelectorClasses"":[""text__selected-inner""\,""text__selected-inner_green""]\,""contentLength"":52\,""value"":""Relevant to the meaning""},{""class"":""text__unselected""\,""contentLength"":214}"									https://platform.toloka.ai/task/42701922/00028b9462--65a81ab28fef00738f03a71a	00028b9462--659d61d16cb3b008d24887e8	00028b9462--65a81ab28fef00738f03a71a	d3c2178b10a8e84665a0a53136b4e1fc	APPROVED	2024-01-17T18:21:38.959
https://i.kym-cdn.com/photos/images/newsfeed/000/912/336/58c.png	https://knowyourmeme.com/memes/is-this-a-pigeon	“Is this a pigeon?” is a memorable quote said by the protagonist character from the 1990s Japanese anime TV series The Brave Fighter of Sun Fighbird in a scene wherein the humanoid character erroneously identifies a butterfly as a pigeon. On Tumblr, the quote, along with a reaction image of the scene featuring the English-translated subtitle, is widely used to express utter confusion.		"{""Relevant to the meaning"":[""“Is this a pigeon?” is a memorable quote said by the protagonist character from the 1990s Japanese anime TV series The Brave Fighter of Sun Fighbird in a scene wherein the humanoid character erroneously identifies a butterfly as a pigeon. On Tumblr\, the quote\, along with a reaction image of the scene featuring the English-translated subtitle\, is widely used to express utter confusion.""]}"		its mostly a meme used to show that you are totally confused	Yes	"{""class"":""text__selected""\,""textInputClasses"":[""text__input""\,""text__input_green""]\,""tagSelectorClasses"":[""text__selected-inner""\,""text__selected-inner_green""]\,""contentLength"":387\,""value"":""Relevant to the meaning""}"									https://platform.toloka.ai/task/42701922/00028b9462--65a81ab31bc1a76f040fa140	00028b9462--659d61d16cb3b008d248876c	00028b9462--65a81ab31bc1a76f040fa140	4c59ed64d66985eded12265ebad479ef	APPROVED	2024-01-17T18:21:39.359
https://i.kym-cdn.com/photos/images/newsfeed/000/806/026/4d3.png	https://knowyourmeme.com/memes/is-mayonnaise-an-instrument	“Is Mayonnaise an Instrument?” is a memorable quote from the animated children’s show SpongeBob SquarePants. Online a screenshot of Patrick asking the question on the show is accompianied by the quote replacing mayonnaise with other things that aren’t instruments, or the entire quote is altered so the text questions whether sometimething can be categorized as something it can not be categorized as.		"{""Relevant to the meaning"":[""memorable quote from""]}"		ok	yes	"{""class"":""text__unselected""\,""contentLength"":36},{""class"":""text__selected""\,""textInputClasses"":[""text__input""\,""text__input_green""]\,""tagSelectorClasses"":[""text__selected-inner""\,""text__selected-inner_green""]\,""contentLength"":21\,""value"":""Relevant to the meaning""},{""class"":""text__unselected""\,""contentLength"":344}"									https://platform.toloka.ai/task/42701922/00028b9462--65a81ab682c710292cd0f5e1	00028b9462--659d61d16cb3b008d2488734	00028b9462--65a81ab682c710292cd0f5e1	b05f01ae7b64a9e1eb26a334544c46a5	APPROVED	2024-01-17T18:21:42.295
https://i.kym-cdn.com/photos/images/newsfeed/001/139/802/964.png	https://knowyourmeme.com/memes/activated-almonds	“Activated Almonds” is a line from a food diary written by Australian celebrity chef Pete Evans, which was originally published in an issue of the Australian magazine Sunday Age in November 2012. The diary was widely mocked online for its bizarre descriptions of food items, including “alkalised water” and “activated almonds.”		"{""Relevant to the meaning"":[""widely mocked online for its bizarre descriptions of food items""]}"		it is for mocking food items	yes	"{""class"":""text__unselected""\,""contentLength"":210},{""class"":""text__selected""\,""textInputClasses"":[""text__input""\,""text__input_green""]\,""tagSelectorClasses"":[""text__selected-inner""\,""text__selected-inner_green""]\,""contentLength"":63\,""value"":""Relevant to the meaning""},{""class"":""text__unselected""\,""contentLength"":54}"									https://platform.toloka.ai/task/42701922/00028b9462--65a81ade8fef00738f03aab5	00028b9462--659d61d16cb3b008d248872c	00028b9462--65a81ade8fef00738f03aab5	e859fac614d75bdc36e64f86b6809f38	APPROVED	2024-01-17T18:22:22.797
https://i.kym-cdn.com/photos/images/newsfeed/002/239/757/17c.jpg	https://knowyourmeme.com/memes/the-rocks-eyebrow-raise	"The Rock's Eyebrow Raise refers to a series of reaction videos of actor and former professional wrestler Dwayne ""The Rock"" Johnson raising his eyebrow accompanied by the Vine Thud. The memes first gained popularity in March 2021, achieving a major surge in September 2021 as users paired the reactions, used to convey suspicion, with various ""suspect"" videos, and created 21st Century Humor memes."		"{""Relevant to the meaning"":[""series of reaction""]}"		Its like someone is being impressed by someones pathetic action or unusual activity, i could also refer to the reaction someone is giving on hearing the lie when he already knew the true side of story	No	"{""class"":""text__unselected""\,""contentLength"":37},{""class"":""text__selected""\,""textInputClasses"":[""text__input""\,""text__input_green""]\,""tagSelectorClasses"":[""text__selected-inner""\,""text__selected-inner_green""]\,""contentLength"":19\,""value"":""Relevant to the meaning""},{""class"":""text__unselected""\,""contentLength"":341}"									https://platform.toloka.ai/task/42701922/00028b9462--65a81ae382c710292cd0f943	00028b9462--659d61d16cb3b008d24887ca	00028b9462--65a81ae382c710292cd0f943	91a9f973bacda78753db44b3783fdc75	APPROVED	2024-01-17T18:22:27.691
https://i.kym-cdn.com/photos/images/newsfeed/000/210/119/9b3.png	https://knowyourmeme.com/memes/you-dont-say--3	"""You Don't Say?"" is a rage comic character based on a contour drawing of American actor Nicolas Cage which is used as a sarcastic response to an obvious observation or statement, in a similar vein to the ""O RLY"" reaction images."		"{""Relevant to the meaning"":[""sarcastic response to an obvious observation or statement""]}"		when you want to show that the interlocutor is saying an obvious point	yes	"{""class"":""text__unselected""\,""contentLength"":120},{""class"":""text__selected""\,""textInputClasses"":[""text__input""\,""text__input_green""]\,""tagSelectorClasses"":[""text__selected-inner""\,""text__selected-inner_green""]\,""contentLength"":57\,""value"":""Relevant to the meaning""},{""class"":""text__unselected""\,""contentLength"":51}"									https://platform.toloka.ai/task/42701922/00028b9462--65a81ae73c8c5b7eec7e07b1	00028b9462--659d61d16cb3b008d2488762	00028b9462--65a81ae73c8c5b7eec7e07b1	1f86103adba899ce6f47aa394cbe0628	APPROVED	2024-01-17T18:22:31.838
https://i.kym-cdn.com/photos/images/newsfeed/000/289/977/ab2.gif	https://knowyourmeme.com/memes/homer-simpson-backs-into-bushes	Homer Simpson Backs Into Bushes is a reaction GIF taken from a scene in the animated comedy series The Simpsons in which the main character, Homer Simpson, steps back into a hedge until he is no longer visible. The GIF is used to express embarrassment and has been frequently edited so Simpson disappears into other things.		"{""Relevant to the meaning"":[""GIF""]}"		graphics interchange format	no	"{""class"":""text__unselected""\,""contentLength"":46},{""class"":""text__selected""\,""textInputClasses"":[""text__input""\,""text__input_green""]\,""tagSelectorClasses"":[""text__selected-inner""\,""text__selected-inner_green""]\,""contentLength"":4\,""value"":""Relevant to the meaning""},{""class"":""text__unselected""\,""contentLength"":273}"									https://platform.toloka.ai/task/42701922/00028b9462--65a81af11bc1a76f040fa5a6	00028b9462--659d61d16cb3b008d2488739	00028b9462--65a81af11bc1a76f040fa5a6	0130ce78b75b314e07a8a71d7a2521cb	APPROVED	2024-01-17T18:22:41.509
https://i.kym-cdn.com/photos/images/newsfeed/000/233/305/771.jpg	https://knowyourmeme.com/memes/condescending-wonka-creepy-wonka	Condescending Wonka is an advice animals image macro series featuring a screen capture of actor Gene Wilder in the 1971 musical Willy Wonka and the Chocolate Factory. As its name suggests, the captions can be characterized as patronizing and sarcastic.		"{""Relevant to the meaning"":[""As its name suggests\, the captions can be characterized as patronizing and sarcastic.""]}"		Being sarcastic and double meaning	Yes	"{""class"":""text__unselected""\,""contentLength"":167},{""class"":""text__selected""\,""textInputClasses"":[""text__input""\,""text__input_green""]\,""tagSelectorClasses"":[""text__selected-inner""\,""text__selected-inner_green""]\,""contentLength"":85\,""value"":""Relevant to the meaning""}"									https://platform.toloka.ai/task/42701922/00028b9462--65a81af30d46c2376cc8d05e	00028b9462--659d61d16cb3b008d2488775	00028b9462--65a81af30d46c2376cc8d05e	1ca33e0a214da92b82b1c31afc2c70fe	APPROVED	2024-01-17T18:22:43.890
https://i.kym-cdn.com/photos/images/newsfeed/000/233/305/771.jpg	https://knowyourmeme.com/memes/condescending-wonka-creepy-wonka	Condescending Wonka is an advice animals image macro series featuring a screen capture of actor Gene Wilder in the 1971 musical Willy Wonka and the Chocolate Factory. As its name suggests, the captions can be characterized as patronizing and sarcastic.		"{""Relevant to the meaning"":[""Condescending Wonka is an advice animals image macro series featuring a screen capture of actor Gene Wilder in the 1971 musical Willy Wonka and the Chocolate Factory. As its name suggests\, the captions""]}"		alla	yes	"{""class"":""text__selected""\,""textInputClasses"":[""text__input""\,""text__input_green""]\,""tagSelectorClasses"":[""text__selected-inner""\,""text__selected-inner_green""]\,""contentLength"":202\,""value"":""Relevant to the meaning""},{""class"":""text__unselected""\,""contentLength"":50}"									https://platform.toloka.ai/task/42701922/00028b9462--65a81af83c8c5b7eec7e092d	00028b9462--659d61d16cb3b008d2488775	00028b9462--65a81af83c8c5b7eec7e092d	5a9ea5a87e6dc8f5dcba4cafc81cd4d5	APPROVED	2024-01-17T18:22:48.609
https://web.archive.org/web/20170429030154if_/http://img.pandawhale.com/100953-Michael-Scott-NO-gif-Imgur-C7Xd.gif	https://knowyourmeme.com/memes/no-god-please-no	“No God, Please No!” is a memorable quote uttered by Michael Scott, a regional manager of paper distribution company Dunder Mifflin Inc. in the U.S. adaptation of TV sitcom The Office, upon reacting to the unannounced return of the company’s former human resources representative Toby Flenderson. On the web, a variety of remixed video clips and animated GIFs featuring Michael Scott’s quote have been used as a reaction image or video to express one’s extreme aversion towards something.		"{""Relevant to the meaning"":[""No""]}"		Noooooo	Yes	"{""class"":""text__unselected""\,""contentLength"":16},{""class"":""text__selected""\,""textInputClasses"":[""text__input""\,""text__input_green""]\,""tagSelectorClasses"":[""text__selected-inner""\,""text__selected-inner_green""]\,""contentLength"":2\,""value"":""Relevant to the meaning""},{""class"":""text__unselected""\,""contentLength"":470}"									https://platform.toloka.ai/task/42701922/00028b9462--65a81b080d46c2376cc8d253	00028b9462--659d61d16cb3b008d24887db	00028b9462--65a81b080d46c2376cc8d253	fd9c0232aaf8e148a3709d8da841f903	APPROVED	2024-01-17T18:23:04.871
https://i.kym-cdn.com/photos/images/newsfeed/000/684/058/5eb.jpg	https://knowyourmeme.com/memes/tips-fedora	“Tips Fedora” is an online expression used in mocking response to a statement of opinion thought to be held by a young adult male who probably wears fedora as a fashion accessory. The phrase refers to the gesture of tipping one’s hat as an expression of recognition or acknowledgement between two persons.		"{""Relevant to the meaning"":[""“Tips Fedora”""]}"		Great 	yes	"{""class"":""text__selected""\,""textInputClasses"":[""text__input""\,""text__input_green""]\,""tagSelectorClasses"":[""text__selected-inner""\,""text__selected-inner_green""]\,""contentLength"":14\,""value"":""Relevant to the meaning""},{""class"":""text__unselected""\,""contentLength"":291}"									https://platform.toloka.ai/task/42701922/00028b9462--65a81b0c82c710292cd0fc01	00028b9462--659d61d16cb3b008d2488771	00028b9462--65a81b0c82c710292cd0fc01	b05f01ae7b64a9e1eb26a334544c46a5	APPROVED	2024-01-17T18:23:08.447
https://i.kym-cdn.com/photos/images/newsfeed/001/469/824/de5.jpg	https://knowyourmeme.com/memes/unsettled-tom	Unsettled Tom, also known as Concerned Tom and Traumatized Tom, refers to a Paint drawing of character Tom from cartoon series Tom and Jerry wearing an expression of concern. Originating from a Tails Gets Trolled comic and circulated as a reaction image on 4chan, in March 2019 the picture gained popularity on Reddit, often used in reference to shocking behavior.		"{""Relevant to the meaning"":[""drawing of character Tom from cartoon series Tom and Jerry wearing an expression of concern. Originating from a Tails Gets Trolled comic and circulated as a reaction image on 4chan\,""]}"		ok	yes	"{""class"":""text__unselected""\,""contentLength"":82},{""class"":""text__selected""\,""textInputClasses"":[""text__input""\,""text__input_green""]\,""tagSelectorClasses"":[""text__selected-inner""\,""text__selected-inner_green""]\,""contentLength"":182\,""value"":""Relevant to the meaning""},{""class"":""text__unselected""\,""contentLength"":100}"									https://platform.toloka.ai/task/42701922/00028b9462--65a81b0e1bc1a76f040fa80d	00028b9462--659d61d16cb3b008d24887b1	00028b9462--65a81b0e1bc1a76f040fa80d	d0153591ebaefa6c0a934417299aeb4a	APPROVED	2024-01-17T18:23:10.928
https://i.kym-cdn.com/photos/images/newsfeed/000/787/356/d6f.jpg	https://knowyourmeme.com/memes/confused-black-girl	Confused Black Girl, sometimes known as Duh Girl, is an image macro series featuring a teenager with an incredulous expression on her face. The overlaid text generally centers around a frustrating or confounding situation. The meme gained attention when the subject of the photo supposedly sued Instagram she realized the photo had become a meme.		"{""Relevant to the meaning"":[""Black Girl\, sometimes known as Duh Girl\, is an image macro series featuring a teenager with an incredulous expression on her face. The overlaid text generally centers around a frustrating or confounding situation. The meme gained attention""]}"		hjgjjjjjjjjjjvgj	no	"{""class"":""text__unselected""\,""contentLength"":9},{""class"":""text__selected""\,""textInputClasses"":[""text__input""\,""text__input_green""]\,""tagSelectorClasses"":[""text__selected-inner""\,""text__selected-inner_green""]\,""contentLength"":240\,""value"":""Relevant to the meaning""},{""class"":""text__unselected""\,""contentLength"":97}"									https://platform.toloka.ai/task/42701922/00028b9462--65a81b133c8c5b7eec7e0b9e	00028b9462--659d61d16cb3b008d248876e	00028b9462--65a81b133c8c5b7eec7e0b9e	c62a2a229627b3acd19b0347772ca4f5	APPROVED	2024-01-17T18:23:15.406
https://i.kym-cdn.com/photos/images/newsfeed/001/880/649/cd8.png	https://knowyourmeme.com/memes/leonardo-dicaprio-laughing	Leonardo DiCaprio Laughing is an image macro of Calvin Candie played by Leonardo DiCaprio in the 2012 film Django Unchained which features the character smiling while holding a drink. The image gained Photoshop edits starting in November 2017 and became a popular reaction image in August 2020 on Reddit.	ok	"{""Relevant to the meaning"":[""Leonardo DiCaprio""]}"		g	yes	"{""class"":""text__selected""\,""textInputClasses"":[""text__input""\,""text__input_green""]\,""tagSelectorClasses"":[""text__selected-inner""\,""text__selected-inner_green""]\,""contentLength"":18\,""value"":""Relevant to the meaning""},{""class"":""text__unselected""\,""contentLength"":286}"									https://platform.toloka.ai/task/42701922/00028b9462--65a81b1a1bc1a76f040fa8ee	00028b9462--659d61d16cb3b008d24887cc	00028b9462--65a81b1a1bc1a76f040fa8ee	079d989572af1b90c4ad54422184adf0	APPROVED	2024-01-17T18:23:22.015
https://i.kym-cdn.com/photos/images/newsfeed/000/862/065/0e9.jpg	https://knowyourmeme.com/memes/smug-frog	Smug Frog, also known as Smug Pepe, is a reaction image of a smug-looking frog based on an original cartoon illustration of Pepe, better known as Feels Good Man and Sad Frog, drawn by webcomic artist Matt Furie.		"{""Relevant to the meaning"":[""Smug""]}"		ok	yes	"{""class"":""text__selected""\,""textInputClasses"":[""text__input""\,""text__input_green""]\,""tagSelectorClasses"":[""text__selected-inner""\,""text__selected-inner_green""]\,""contentLength"":5\,""value"":""Relevant to the meaning""},{""class"":""text__unselected""\,""contentLength"":206}"									https://platform.toloka.ai/task/42701922/00028b9462--65a81baaa5bf2c28fffa4dfa	00028b9462--659d61d16cb3b008d24887a3	00028b9462--65a81baaa5bf2c28fffa4dfa	079d989572af1b90c4ad54422184adf0	APPROVED	2024-01-17T18:25:46.799
https://i.kym-cdn.com/photos/images/newsfeed/001/658/686/a79.png	https://knowyourmeme.com/memes/you-son-of-a-bitch-im-in	"""You Son of a Bitch, I'm In"" is a catchphrase said by multiple characters in Rick and Morty episode ""One Crew over the Crewcoo's Morty"" upon being convinced to participate in a heist. Online, several image macros, particularly one depicting Rick Sanchez putting a lollipop in his mouth, gained popularity, often used in reference to convincing arguments."		"{""Relevant to the meaning"":[""\\""You Son of a Bitch""]}"		Great 	Yes	"{""class"":""text__selected""\,""textInputClasses"":[""text__input""\,""text__input_green""]\,""tagSelectorClasses"":[""text__selected-inner""\,""text__selected-inner_green""]\,""contentLength"":19\,""value"":""Relevant to the meaning""},{""class"":""text__unselected""\,""contentLength"":335}"									https://platform.toloka.ai/task/42701922/00028b9462--65a81bb31bc1a76f040fb55f	00028b9462--659d61d16cb3b008d24887dd	00028b9462--65a81bb31bc1a76f040fb55f	e1e66358e8751fcb5fd02c2fe46115b3	APPROVED	2024-01-17T18:25:55.937
https://i.kym-cdn.com/photos/images/newsfeed/000/182/816/3zw9.jpg?1317936454	https://knowyourmeme.com/memes/imminent-ned-brace-yourselves-winter-is-coming	Imminent Ned (also know as “Winter is Coming”) is an image macro series featuring the character Eddard “Ned” Stark from the HBO series Game of Thrones, a television adaption of George R. R. Martin’s epic fantasy novel series A Song of Ice and Fire. Its snowclone template “Brace Yourselves, X is Coming” can be versatilely used to forewarn or proclaim the impending arrival of a highly anticipated event, a product or an internet meme.		"{""Relevant to the meaning"":[""Imminent""]}"		Ok	Yes	"{""class"":""text__selected""\,""textInputClasses"":[""text__input""\,""text__input_green""]\,""tagSelectorClasses"":[""text__selected-inner""\,""text__selected-inner_green""]\,""contentLength"":9\,""value"":""Relevant to the meaning""},{""class"":""text__unselected""\,""contentLength"":426}"									https://platform.toloka.ai/task/42701922/00028b9462--65a81bbe1bc1a76f040fb64a	00028b9462--659d61d16cb3b008d2488787	00028b9462--65a81bbe1bc1a76f040fb64a	d05510a88cbb206d35fbaac0c87bd8be	APPROVED	2024-01-17T18:26:06.107
https://i.kym-cdn.com/photos/images/newsfeed/001/139/802/964.png	https://knowyourmeme.com/memes/activated-almonds	“Activated Almonds” is a line from a food diary written by Australian celebrity chef Pete Evans, which was originally published in an issue of the Australian magazine Sunday Age in November 2012. The diary was widely mocked online for its bizarre descriptions of food items, including “alkalised water” and “activated almonds.”		"{""Relevant to the meaning"":[""“Activated Almonds”""]}"		ok	no	"{""class"":""text__selected""\,""textInputClasses"":[""text__input""\,""text__input_green""]\,""tagSelectorClasses"":[""text__selected-inner""\,""text__selected-inner_green""]\,""contentLength"":20\,""value"":""Relevant to the meaning""},{""class"":""text__unselected""\,""contentLength"":307}"									https://platform.toloka.ai/task/42701922/00028b9462--65a81bce82c710292cd10d8e	00028b9462--659d61d16cb3b008d248872c	00028b9462--65a81bce82c710292cd10d8e	23455bd040f81e6a88add772a97513c9	APPROVED	2024-01-17T18:26:22.877
https://i.kym-cdn.com/photos/images/newsfeed/000/191/081/DSC_0165_c_mini.jpg	https://knowyourmeme.com/memes/do-you-think-this-is-a-game	“You Think This is a Motherfucking Game?” is a rhetorical question commonly associated with image macros of Starecat and other cute animals. Juxtaposing cuteness and intimidating language, the image macros are typically used as reaction images in response to flippant statements or behaviors.		"{""Relevant to the meaning"":[""reaction images in response to flippant statements or behaviors""]}"		playfully show a serious attitude	no	"{""class"":""text__unselected""\,""contentLength"":228},{""class"":""text__selected""\,""textInputClasses"":[""text__input""\,""text__input_green""]\,""tagSelectorClasses"":[""text__selected-inner""\,""text__selected-inner_green""]\,""contentLength"":63\,""value"":""Relevant to the meaning""},{""class"":""text__unselected""\,""contentLength"":1}"									https://platform.toloka.ai/task/42701922/00028b9462--65a81bcf82c710292cd10dba	00028b9462--659d61d16cb3b008d248873f	00028b9462--65a81bcf82c710292cd10dba	1f86103adba899ce6f47aa394cbe0628	APPROVED	2024-01-17T18:26:23.615
https://i.kym-cdn.com/entries/icons/original/000/000/167/cover3.jpg	https://knowyourmeme.com/memes/you-have-my-sword-and-my-bow-and-my-axe	"""You Have My Sword, and My Bow, and My Axe"" is a memorable quote from the 2001 epic fantasy film The Lord of the Rings: The Fellowship of the Ring uttered by characters Aragorn, Legolas and Gimli. Online, the quote has also been used as a bait-and-switch tactic and as an expandable snowclone format You Have My X, and My Y, and My Z."	no mem	"{""Нет четкого смысла в описании"":[""«У тебя есть мой меч\, мой лук и мой топор»""]}"	the picture does not match		no	"{""class"":""text__selected""\,""textInputClasses"":[""text__input""\,""text__input_red""]\,""tagSelectorClasses"":[""text__selected-inner""\,""text__selected-inner_red""]\,""contentLength"":43\,""value"":""Нет четкого смысла в описании""},{""class"":""text__unselected""\,""contentLength"":317}"									https://platform.toloka.ai/task/42701922/00028b9462--65a81bd0a5bf2c28fffa524d	00028b9462--659d61d16cb3b008d248871e	00028b9462--65a81bd0a5bf2c28fffa524d	3b17e2e12587f9513665ffef9778af33	APPROVED	2024-01-17T18:26:24.790
https://i.kym-cdn.com/photos/images/newsfeed/000/912/336/58c.png	https://knowyourmeme.com/memes/is-this-a-pigeon	“Is this a pigeon?” is a memorable quote said by the protagonist character from the 1990s Japanese anime TV series The Brave Fighter of Sun Fighbird in a scene wherein the humanoid character erroneously identifies a butterfly as a pigeon. On Tumblr, the quote, along with a reaction image of the scene featuring the English-translated subtitle, is widely used to express utter confusion.		"{""Relevant to the meaning"":[""TV""]}"		Televsion	no	"{""class"":""text__unselected""\,""contentLength"":105},{""class"":""text__selected""\,""textInputClasses"":[""text__input""\,""text__input_green""]\,""tagSelectorClasses"":[""text__selected-inner""\,""text__selected-inner_green""]\,""contentLength"":3\,""value"":""Relevant to the meaning""},{""class"":""text__unselected""\,""contentLength"":279}"									https://platform.toloka.ai/task/42701922/00028b9462--65a81bd63c8c5b7eec7e1e2a	00028b9462--659d61d16cb3b008d248876c	00028b9462--65a81bd63c8c5b7eec7e1e2a	0130ce78b75b314e07a8a71d7a2521cb	APPROVED	2024-01-17T18:26:30.056
https://i.kym-cdn.com/photos/images/newsfeed/001/469/824/de5.jpg	https://knowyourmeme.com/memes/unsettled-tom	Unsettled Tom, also known as Concerned Tom and Traumatized Tom, refers to a Paint drawing of character Tom from cartoon series Tom and Jerry wearing an expression of concern. Originating from a Tails Gets Trolled comic and circulated as a reaction image on 4chan, in March 2019 the picture gained popularity on Reddit, often used in reference to shocking behavior.		"{""Relevant to the meaning"":[""Unsettled Tom""]}"		ok	yes	"{""class"":""text__selected""\,""textInputClasses"":[""text__input""\,""text__input_green""]\,""tagSelectorClasses"":[""text__selected-inner""\,""text__selected-inner_green""]\,""contentLength"":13\,""value"":""Relevant to the meaning""},{""class"":""text__unselected""\,""contentLength"":351}"									https://platform.toloka.ai/task/42701922/00028b9462--65a81bdea5bf2c28fffa53ac	00028b9462--659d61d16cb3b008d24887b1	00028b9462--65a81bdea5bf2c28fffa53ac	23455bd040f81e6a88add772a97513c9	APPROVED	2024-01-17T18:26:38.253
https://i.kym-cdn.com/photos/images/newsfeed/000/684/058/5eb.jpg	https://knowyourmeme.com/memes/tips-fedora	“Tips Fedora” is an online expression used in mocking response to a statement of opinion thought to be held by a young adult male who probably wears fedora as a fashion accessory. The phrase refers to the gesture of tipping one’s hat as an expression of recognition or acknowledgement between two persons.		"{""Relevant to the meaning"":[""expression of recognition or acknowledgement between two persons.""]}"		According to my understanding it might shows some secrete way of giving someone expression of something 	No	"{""class"":""text__unselected""\,""contentLength"":240},{""class"":""text__selected""\,""textInputClasses"":[""text__input""\,""text__input_green""]\,""tagSelectorClasses"":[""text__selected-inner""\,""text__selected-inner_green""]\,""contentLength"":65\,""value"":""Relevant to the meaning""}"									https://platform.toloka.ai/task/42701922/00028b9462--65a81be40d46c2376cc8e5dc	00028b9462--659d61d16cb3b008d2488771	00028b9462--65a81be40d46c2376cc8e5dc	91a9f973bacda78753db44b3783fdc75	APPROVED	2024-01-17T18:26:44.467
https://i.kym-cdn.com/photos/images/newsfeed/001/350/061/422.jpg	https://knowyourmeme.com/memes/grus-plan	Gru’s Plan is an exploitable four-pane comic series featuring the Despicable Me protagonist Gru using a presentation board. Edits of the comic typically feature an unexpected third presentation page, followed by a panel of Gru looking back at the board in confusion.	Description not sufficient	"{""No clear meaning in description"":[""the""]}"	unexpected confusion		yes	"{""class"":""text__unselected""\,""contentLength"":133},{""class"":""text__selected""\,""textInputClasses"":[""text__input""\,""text__input_red""]\,""tagSelectorClasses"":[""text__selected-inner""\,""text__selected-inner_red""]\,""contentLength"":4\,""value"":""No clear meaning in description""},{""class"":""text__unselected""\,""contentLength"":129}"									https://platform.toloka.ai/task/42701922/00028b9462--65a825970d46c2376cc9b4f5	00028b9462--659d61d16cb3b008d24887e8	00028b9462--65a825970d46c2376cc9b4f5	1f86103adba899ce6f47aa394cbe0628	APPROVED	2024-01-17T19:08:07.916
https://i.kym-cdn.com/photos/images/newsfeed/001/340/526/3bb.jpg	https://knowyourmeme.com/memes/monkey-puppet	Monkey Puppet refers to a reaction image and GIF of a puppet appearing surprised. It’s used to express shock, particularly in situations where one party owns another in a verbal exchange.		"{""Relevant to the meaning"":[""It’s used to express shock\, particularly in situations where one party owns another in a verbal exchange.""]}"		it talks about doing bad in school and your mom finding out your grades	yes	"{""class"":""text__unselected""\,""contentLength"":82},{""class"":""text__selected""\,""textInputClasses"":[""text__input""\,""text__input_green""]\,""tagSelectorClasses"":[""text__selected-inner""\,""text__selected-inner_green""]\,""contentLength"":105\,""value"":""Relevant to the meaning""}"									https://platform.toloka.ai/task/42701922/00028b9462--65a8259882c710292cd1ebf1	00028b9462--659d61d16cb3b008d24887b4	00028b9462--65a8259882c710292cd1ebf1	48b4cf496b9ae73f18ccd42286a7fb71	APPROVED	2024-01-17T19:08:08.090
https://i.kym-cdn.com/photos/images/list/000/219/900/de4.png	https://knowyourmeme.com/memes/sad-pikachu	This meme came from season 1, episode 42 of Pokemon. So far there are no variations. The meme features Ash's Pikachu after having it's ketchup bottle cut by		"{""Relevant to the meaning"":[""ketchup bottle""]}"		it shows the moment pikachu bottle of ketchup was broken	no	"{""class"":""text__unselected""\,""contentLength"":135},{""class"":""text__selected""\,""textInputClasses"":[""text__input""\,""text__input_green""]\,""tagSelectorClasses"":[""text__selected-inner""\,""text__selected-inner_green""]\,""contentLength"":15\,""value"":""Relevant to the meaning""},{""class"":""text__unselected""\,""contentLength"":6}"									https://platform.toloka.ai/task/42701922/00028b9462--65a825be82c710292cd1ef30	00028b9462--659d61d16cb3b008d248874d	00028b9462--65a825be82c710292cd1ef30	727e9875f20b50f776e875525c108bdc	APPROVED	2024-01-17T19:08:46.510
https://i.kym-cdn.com/photos/images/newsfeed/000/210/119/9b3.png	https://knowyourmeme.com/memes/you-dont-say--3	"""You Don't Say?"" is a rage comic character based on a contour drawing of American actor Nicolas Cage which is used as a sarcastic response to an obvious observation or statement, in a similar vein to the ""O RLY"" reaction images."		"{""Relevant to the meaning"":[""Don't""]}"		When a person say exactly what you wanted to say	No	"{""class"":""text__unselected""\,""contentLength"":5},{""class"":""text__selected""\,""textInputClasses"":[""text__input""\,""text__input_green""]\,""tagSelectorClasses"":[""text__selected-inner""\,""text__selected-inner_green""]\,""contentLength"":6\,""value"":""Relevant to the meaning""},{""class"":""text__unselected""\,""contentLength"":217}"									https://platform.toloka.ai/task/42701922/00028b9462--65a825c6a5bf2c28fffb2f6b	00028b9462--659d61d16cb3b008d2488762	00028b9462--65a825c6a5bf2c28fffb2f6b	e1dfb44723be078ac57fc83f957d0f79	APPROVED	2024-01-17T19:08:54.905
https://i.kym-cdn.com/entries/icons/original/000/000/167/cover3.jpg	https://knowyourmeme.com/memes/you-have-my-sword-and-my-bow-and-my-axe	"""You Have My Sword, and My Bow, and My Axe"" is a memorable quote from the 2001 epic fantasy film The Lord of the Rings: The Fellowship of the Ring uttered by characters Aragorn, Legolas and Gimli. Online, the quote has also been used as a bait-and-switch tactic and as an expandable snowclone format You Have My X, and My Y, and My Z."		"{""Relevant to the meaning"":[""film The Lord of the Rings: The Fellowship of the Ring uttered by characters Aragorn\, Legolas and Gimli. Online\, the quote has also been used""]}"		no	no	"{""class"":""text__unselected""\,""contentLength"":92},{""class"":""text__selected""\,""textInputClasses"":[""text__input""\,""text__input_green""]\,""tagSelectorClasses"":[""text__selected-inner""\,""text__selected-inner_green""]\,""contentLength"":142\,""value"":""Relevant to the meaning""},{""class"":""text__unselected""\,""contentLength"":100}"									https://platform.toloka.ai/task/42701922/00028b9462--65a825d182c710292cd1f0b8	00028b9462--659d61d16cb3b008d248871e	00028b9462--65a825d182c710292cd1f0b8	c62a2a229627b3acd19b0347772ca4f5	APPROVED	2024-01-17T19:09:05.299
https://i.kym-cdn.com/entries/icons/medium/000/017/507/skeletor.jpeg	https://knowyourmeme.com/memes/he-man-sings-heyyeyaaeyaaaeyaeyaa	"He-Man Sings is a nickname for the 2005 animated video ""Fabulous Secret Powers"" where He-Man sings a rendition of the 4 Non Blondes hit ""What’s Up?"""		"{""Relevant to the meaning"":[""He-Man Sings""]}"		He-Man Sings / HEYYEYAAEYAAAEYAEYAA	No	"{""class"":""text__selected""\,""textInputClasses"":[""text__input""\,""text__input_green""]\,""tagSelectorClasses"":[""text__selected-inner""\,""text__selected-inner_green""]\,""contentLength"":13\,""value"":""Relevant to the meaning""},{""class"":""text__unselected""\,""contentLength"":135}"									https://platform.toloka.ai/task/42701922/00028b9462--65a8260d3c8c5b7eec7eee35	00028b9462--659d61d16cb3b008d2488773	00028b9462--65a8260d3c8c5b7eec7eee35	b8f4850bb9954f6a9b96409afb13259e	APPROVED	2024-01-17T19:10:05.190
https://i.kym-cdn.com/photos/images/newsfeed/000/912/336/58c.png	https://knowyourmeme.com/memes/is-this-a-pigeon	“Is this a pigeon?” is a memorable quote said by the protagonist character from the 1990s Japanese anime TV series The Brave Fighter of Sun Fighbird in a scene wherein the humanoid character erroneously identifies a butterfly as a pigeon. On Tumblr, the quote, along with a reaction image of the scene featuring the English-translated subtitle, is widely used to express utter confusion.		"{""Relevant to the meaning"":[""anime""]}"		The meme is used as a response to someone saying/doing something completely wrong/unrelated while the situation is so obvious, highlighting their confusion toward the situation 	Yes	"{""class"":""text__unselected""\,""contentLength"":99},{""class"":""text__selected""\,""textInputClasses"":[""text__input""\,""text__input_green""]\,""tagSelectorClasses"":[""text__selected-inner""\,""text__selected-inner_green""]\,""contentLength"":6\,""value"":""Relevant to the meaning""},{""class"":""text__unselected""\,""contentLength"":282}"									https://platform.toloka.ai/task/42701922/00028b9462--65a957dfa5bf2c28ff16ac20	00028b9462--659d61d16cb3b008d248876c	00028b9462--65a957dfa5bf2c28ff16ac20	56413caa88e9706f25c35bd8b02f559e	APPROVED	2024-01-18T16:54:55.787
https://i.kym-cdn.com/photos/images/newsfeed/002/191/046/708	https://knowyourmeme.com/memes/traumatized-mr-incredible-people-who-dont-know-vs-people-who-know	"Traumatized Mr. Incredible refers to a series of comparison memes based on two images of Mr. Incredible, one an official art for The Incredibles 2 and the other a ""reverse toonified"" and black-and-white version of the character that gives him an expression of a man experiencing emotional pain, similar to Withered Wojak. Starting in September 2021, the format was used together with the caption People Who Don't Know / People Who Know in comparison memes."		"{""Relevant to the meaning"":[""Traumatized Mr. Incredible refers to a series of comparison memes based on two images of Mr. Incredible\, one an official art for The Incredibles 2 and the other a \\""reverse toonified\\""""]}"		It is comparing two versions of Mr. Incredible	No	"{""class"":""text__selected""\,""textInputClasses"":[""text__input""\,""text__input_green""]\,""tagSelectorClasses"":[""text__selected-inner""\,""text__selected-inner_green""]\,""contentLength"":183\,""value"":""Relevant to the meaning""},{""class"":""text__unselected""\,""contentLength"":273}"									https://platform.toloka.ai/task/42701922/00028b9462--65a958033c8c5b7eec994bbd	00028b9462--659d61d16cb3b008d24887c4	00028b9462--65a958033c8c5b7eec994bbd	71e03e4724f7d35ff5936486ecc69cc7	APPROVED	2024-01-18T16:55:31.646
https://i.kym-cdn.com/photos/images/newsfeed/000/210/119/9b3.png	https://knowyourmeme.com/memes/you-dont-say--3	"""You Don't Say?"" is a rage comic character based on a contour drawing of American actor Nicolas Cage which is used as a sarcastic response to an obvious observation or statement, in a similar vein to the ""O RLY"" reaction images."		"{""Relevant to the meaning"":[""used as a sarcastic response to an obvious observation or statement\,""]}"		The meme is used to express sarcasm when one is told something that is considered common knowledge	Yes	"{""class"":""text__unselected""\,""contentLength"":110},{""class"":""text__selected""\,""textInputClasses"":[""text__input""\,""text__input_green""]\,""tagSelectorClasses"":[""text__selected-inner""\,""text__selected-inner_green""]\,""contentLength"":69\,""value"":""Relevant to the meaning""},{""class"":""text__unselected""\,""contentLength"":49}"									https://platform.toloka.ai/task/42701922/00028b9462--65a958233c8c5b7eec994f2d	00028b9462--659d61d16cb3b008d2488762	00028b9462--65a958233c8c5b7eec994f2d	7731cb2cbea70fa717905bc0a411e1a7	APPROVED	2024-01-18T16:56:03.429
https://i.kym-cdn.com/photos/images/newsfeed/001/255/092/44f.png	https://knowyourmeme.com/memes/y-tho	Y Tho, an abbreviation of the question “why though?”, is a popular slang phrase usually asked in a trolling manner in response to a senseless action or statement. It later grew associated with a painting of a round, fat pope with a small face.		"{""Relevant to the meaning"":[""Y Tho\, an abbreviation of the question “why though?”\, is a popular slang phrase usually asked in a trolling manner in response to a senseless action or statement.""]}"		It is explaining an abreviation based on a slang	No	"{""class"":""text__selected""\,""textInputClasses"":[""text__input""\,""text__input_green""]\,""tagSelectorClasses"":[""text__selected-inner""\,""text__selected-inner_green""]\,""contentLength"":163\,""value"":""Relevant to the meaning""},{""class"":""text__unselected""\,""contentLength"":80}"									https://platform.toloka.ai/task/42701922/00028b9462--65a958974910f66c47ab7af7	00028b9462--659d61d16cb3b008d24887ba	00028b9462--65a958974910f66c47ab7af7	71e03e4724f7d35ff5936486ecc69cc7	APPROVED	2024-01-18T16:57:59.924
https://i.kym-cdn.com/photos/images/newsfeed/000/806/026/4d3.png	https://knowyourmeme.com/memes/is-mayonnaise-an-instrument	“Is Mayonnaise an Instrument?” is a memorable quote from the animated children’s show SpongeBob SquarePants. Online a screenshot of Patrick asking the question on the show is accompianied by the quote replacing mayonnaise with other things that aren’t instruments, or the entire quote is altered so the text questions whether sometimething can be categorized as something it can not be categorized as.		"{""Relevant to the meaning"":[""“Is Mayonnaise an Instrument?” is a memorable quote from the animated children’s show SpongeBob SquarePants. Online a screenshot of Patrick asking the question on the show is accompianied by the quote replacing mayonnaise with other things that aren’t instruments""]}"		It is making a sex joke	No	"{""class"":""text__selected""\,""textInputClasses"":[""text__input""\,""text__input_green""]\,""tagSelectorClasses"":[""text__selected-inner""\,""text__selected-inner_green""]\,""contentLength"":263\,""value"":""Relevant to the meaning""},{""class"":""text__unselected""\,""contentLength"":138}"									https://platform.toloka.ai/task/42701922/00028b9462--65a958cb82c710292cf152dc	00028b9462--659d61d16cb3b008d2488734	00028b9462--65a958cb82c710292cf152dc	71e03e4724f7d35ff5936486ecc69cc7	APPROVED	2024-01-18T16:58:51.129
https://i.kym-cdn.com/photos/images/newsfeed/000/862/065/0e9.jpg	https://knowyourmeme.com/memes/smug-frog	Smug Frog, also known as Smug Pepe, is a reaction image of a smug-looking frog based on an original cartoon illustration of Pepe, better known as Feels Good Man and Sad Frog, drawn by webcomic artist Matt Furie.	Description not sufficient	"{""No clear meaning in description"":[""also""]}"	The description only described the illustration of the meme but did not state what was the meaning of the meme.		No	"{""class"":""text__unselected""\,""contentLength"":11},{""class"":""text__selected""\,""textInputClasses"":[""text__input""\,""text__input_red""]\,""tagSelectorClasses"":[""text__selected-inner""\,""text__selected-inner_red""]\,""contentLength"":5\,""value"":""No clear meaning in description""},{""class"":""text__unselected""\,""contentLength"":195}"									https://platform.toloka.ai/task/42701922/00028b9462--65a958dca5bf2c28ff16c5df	00028b9462--659d61d16cb3b008d24887a3	00028b9462--65a958dca5bf2c28ff16c5df	56413caa88e9706f25c35bd8b02f559e	APPROVED	2024-01-18T16:59:08.533
https://i.kym-cdn.com/photos/images/newsfeed/000/200/420/BRTky.jpg?1321408042	https://knowyourmeme.com/memes/neil-degrasse-tyson-reaction	"Neil deGrasse Tyson Reaction is a rage comic character and reaction face of astrophysicist Neil deGrasse Tyson making a defensive gesture. The character image is sometimes associated with the catchphrase ""Watch out guys, we're dealing with a badass over here"" that is used to mock arrogant and boastful statements made by Internet users."		"{""Relevant to the meaning"":[""used to mock arrogant and boastful statements made by Internet users.""]}"		The meme is used to express feelings of annoyance to an arrogant/pompous person	No	"{""class"":""text__unselected""\,""contentLength"":268},{""class"":""text__selected""\,""textInputClasses"":[""text__input""\,""text__input_green""]\,""tagSelectorClasses"":[""text__selected-inner""\,""text__selected-inner_green""]\,""contentLength"":69\,""value"":""Relevant to the meaning""}"									https://platform.toloka.ai/task/42701922/00028b9462--65a959146cb4847cffbc5496	00028b9462--659d61d16cb3b008d2488764	00028b9462--65a959146cb4847cffbc5496	7731cb2cbea70fa717905bc0a411e1a7	APPROVED	2024-01-18T17:00:04.889
https://i.kym-cdn.com/photos/images/newsfeed/000/396/532/019.gif	https://knowyourmeme.com/memes/are-you-a-wizard	Are You a Wizard? is an image macro series typically featuring wall-eyed subjects staring into the distance while wearing a confused-looking expression. It is sometimes used as a reaction image to an extraordinary or absurd remark on imageboards or web forums and can be used sarcastically to point out an obvious statement in a similar vein to Captain Obvious.		"{""Relevant to the meaning"":[""It is sometimes used as a reaction image to an extraordinary or absurd remark on imageboards or web forums and can be used sarcastically to point out an obvious statement in a similar vein to Captain Obvious.""]}"		It is making a joke with time and magic	No	"{""class"":""text__unselected""\,""contentLength"":153},{""class"":""text__selected""\,""textInputClasses"":[""text__input""\,""text__input_green""]\,""tagSelectorClasses"":[""text__selected-inner""\,""text__selected-inner_green""]\,""contentLength"":208\,""value"":""Relevant to the meaning""}"									https://platform.toloka.ai/task/42701922/00028b9462--65a959176cb4847cffbc5521	00028b9462--659d61d16cb3b008d2488768	00028b9462--65a959176cb4847cffbc5521	71e03e4724f7d35ff5936486ecc69cc7	APPROVED	2024-01-18T17:00:07.374
https://i.kym-cdn.com/photos/images/list/000/219/900/de4.png	https://knowyourmeme.com/memes/sad-pikachu	This meme came from season 1, episode 42 of Pokemon. So far there are no variations. The meme features Ash's Pikachu after having it's ketchup bottle cut by		"{""Relevant to the meaning"":[""This meme came from season 1\, episode 42 of Pokemon. So far there are no variations. The meme features Ash's Pikachu after having it's ketchup bottle cut""]}"		funny	yes	"{""class"":""text__selected""\,""textInputClasses"":[""text__input""\,""text__input_green""]\,""tagSelectorClasses"":[""text__selected-inner""\,""text__selected-inner_green""]\,""contentLength"":154\,""value"":""Relevant to the meaning""},{""class"":""text__unselected""\,""contentLength"":2}"									https://platform.toloka.ai/task/42701922/00028b9462--65a959423c8c5b7eec996bf9	00028b9462--659d61d16cb3b008d248874d	00028b9462--65a959423c8c5b7eec996bf9	ea3aec9a268295763404a8cbceafad05	APPROVED	2024-01-18T17:00:50.373
https://i.kym-cdn.com/photos/images/newsfeed/001/255/092/44f.png	https://knowyourmeme.com/memes/y-tho	Y Tho, an abbreviation of the question “why though?”, is a popular slang phrase usually asked in a trolling manner in response to a senseless action or statement. It later grew associated with a painting of a round, fat pope with a small face.		"{""Relevant to the meaning"":[""Y Tho\, an abbreviation of the question “why though?”\, is a popular slang phrase""]}"		releavent	yes	"{""class"":""text__selected""\,""textInputClasses"":[""text__input""\,""text__input_green""]\,""tagSelectorClasses"":[""text__selected-inner""\,""text__selected-inner_green""]\,""contentLength"":80\,""value"":""Relevant to the meaning""},{""class"":""text__unselected""\,""contentLength"":163}"									https://platform.toloka.ai/task/42701922/00028b9462--65a9595582c710292cf1622e	00028b9462--659d61d16cb3b008d24887ba	00028b9462--65a9595582c710292cf1622e	87976b4b74f7b9023a5552324ce53b10	APPROVED	2024-01-18T17:01:09.610
https://i.kym-cdn.com/photos/images/newsfeed/000/787/356/d6f.jpg	https://knowyourmeme.com/memes/confused-black-girl	Confused Black Girl, sometimes known as Duh Girl, is an image macro series featuring a teenager with an incredulous expression on her face. The overlaid text generally centers around a frustrating or confounding situation. The meme gained attention when the subject of the photo supposedly sued Instagram she realized the photo had become a meme.		"{""Relevant to the meaning"":[""The overlaid text generally centers around a frustrating or confounding situation.""]}"		The meme is often used as a response to a stupid/dumb opinion or answer. 	Yes	"{""class"":""text__unselected""\,""contentLength"":140},{""class"":""text__selected""\,""textInputClasses"":[""text__input""\,""text__input_green""]\,""tagSelectorClasses"":[""text__selected-inner""\,""text__selected-inner_green""]\,""contentLength"":83\,""value"":""Relevant to the meaning""},{""class"":""text__unselected""\,""contentLength"":123}"									https://platform.toloka.ai/task/42701922/00028b9462--65a9596b82c710292cf16462	00028b9462--659d61d16cb3b008d248876e	00028b9462--65a9596b82c710292cf16462	7731cb2cbea70fa717905bc0a411e1a7	APPROVED	2024-01-18T17:01:31.751
https://web.archive.org/web/20170429030154if_/http://img.pandawhale.com/100953-Michael-Scott-NO-gif-Imgur-C7Xd.gif	https://knowyourmeme.com/memes/no-god-please-no	“No God, Please No!” is a memorable quote uttered by Michael Scott, a regional manager of paper distribution company Dunder Mifflin Inc. in the U.S. adaptation of TV sitcom The Office, upon reacting to the unannounced return of the company’s former human resources representative Toby Flenderson. On the web, a variety of remixed video clips and animated GIFs featuring Michael Scott’s quote have been used as a reaction image or video to express one’s extreme aversion towards something.		"{""Relevant to the meaning"":[""“No God\, Please No!” is a memorable quote uttered by Michael Scott\, a regional manager of paper distribution company Dunder Mifflin Inc. in the U.S. adaptation of TV sitcom The Office""]}"		It is making a joke with the word no and a character of a series	Yes	"{""class"":""text__selected""\,""textInputClasses"":[""text__input""\,""text__input_green""]\,""tagSelectorClasses"":[""text__selected-inner""\,""text__selected-inner_green""]\,""contentLength"":183\,""value"":""Relevant to the meaning""},{""class"":""text__unselected""\,""contentLength"":305}"									https://platform.toloka.ai/task/42701922/00028b9462--65a9596c3c8c5b7eec996f7b	00028b9462--659d61d16cb3b008d24887db	00028b9462--65a9596c3c8c5b7eec996f7b	71e03e4724f7d35ff5936486ecc69cc7	APPROVED	2024-01-18T17:01:32.003
https://i.kym-cdn.com/photos/images/newsfeed/001/831/746/e50.png	https://knowyourmeme.com/memes/pointing-rick-dalton	Pointing Rick Dalton, also known as Pointing Leonardo DiCaprio, is an image macro meme featuring a screenshot from the 2019 film Once Upon a Time in Hollywood. Online, the image of actor Leonardo DiCaprio sitting in a chair with a beer and cigarette in his hand pointing at a television screen has been used to express feelings of excited recognition.		"{""Relevant to the meaning"":[""featuring""]}"		The meme is used to indicate that the user recognizes something interesting.	Yes	"{""class"":""text__unselected""\,""contentLength"":87},{""class"":""text__selected""\,""textInputClasses"":[""text__input""\,""text__input_green""]\,""tagSelectorClasses"":[""text__selected-inner""\,""text__selected-inner_green""]\,""contentLength"":10\,""value"":""Relevant to the meaning""},{""class"":""text__unselected""\,""contentLength"":254}"									https://platform.toloka.ai/task/42701922/00028b9462--65a95971a5bf2c28ff16d627	00028b9462--659d61d16cb3b008d24887e6	00028b9462--65a95971a5bf2c28ff16d627	56413caa88e9706f25c35bd8b02f559e	APPROVED	2024-01-18T17:01:37.020
